,Channel_name,Subscribers,Views,Total_videos,Views_per_video
0,The Film Theorists,12800000,2955699197,467,6329120.3361884365
1,The Game Theorists,18900000,4054489326,672,6033466.258928572
2,The Style Theorists,2470000,228203852,93,2453804.860215054
3,WatchMojo.com,25200000,16646178468,26251,634115.9753152261
4,The Food Theorists,5200000,875808964,202,4335687.940594059
