,Channel_name,Subscribers,Views,Total_videos,playlist_id,Views_per_video
0,The Game Theorists,18900000,4069015043,675,UUo_IB5145EVNcf8hw1Kku7w,6028170.434074074
1,GTLive,3490000,818613381,1332,UUAaegDUlb7doIKo0Rc1F08g,614574.6103603604
2,The Film Theorists,12800000,2965179788,470,UU3sznuotAs2ohg_U__Jzj_Q,6308893.165957447
3,The Style Theorists,2490000,232179305,96,UUd4t3EEUy0LUOM4MTdjpNHA,2418534.4270833335
4,The Food Theorists,5220000,883808535,205,UUHYoe8kQ-7Gn9ASOlmI0k6Q,4311261.146341464
