,Channel_name,Subscribers,Views,Total_videos,Views_per_video
0,The Game Theorists,18900000,4054489326,672,6033466.258928572
1,penguinz0,14500000,8926205088,5027,1775652.494131689
